seq,role,name,gender,dateOfBirth,passportID,iris,fingerprint,bookingID,flight,from,to,departure,arrival,bookingClass,seat,countCheckedBaggage,checkedBaggage,warrant
1,Passenger,Harry Byrne,MALE,1967-05-11,U9DWBVAOH,/./-/-.-./.-./-/-..-../-/,-.::--:.:.-::.-.--:.-.:-.:..::--.:-..-:.:-..-:.:,G99FG1,LH790,MUC,SIN,22:10,16:25+1,BUSINESS,1A,2,19.7 19.3,NO
2,Passenger,Lottie Ellis,FEMALE,2016-11-27,YZ5MSAWSZ,------..-//./..//--/--//.,.::-..-.:..-.:.:-----:.::.:--:--:.....:-::.--.:.,BX6CFI,LH790,MUC,SIN,22:10,16:25+1,BUSINESS,1C,2,16.8 18,NO
3,Passenger,Flora Gordon,FEMALE,1999-09-14,PBGIYFHLM,////.-.///-../-./.-.../-/,.:..:.:-:.-..:-:.....-:.-:::.-.:....-:.-:..-.::.,6X20SK,LH790,MUC,SIN,22:10,16:25+1,BUSINESS,1D,2,18.9 19.8,NO
4,Passenger,Scarlet Watts,FEMALE,1963-09-23,U4QXAAHNX,...-..-.../-..-./--/-./--,::-..-:--.---...-::-..-::.::::--.-:-:::.:-:...-.,TWYFUF,LH790,MUC,SIN,22:10,16:25+1,BUSINESS,1G,2,17.2 20,NO
5,Passenger,Skye Martin,FEMALE,2009-11-14,DJE9B823U,.///..-//-/-//-/.///..--/,.::-::-.:-...::-:.--:::.-:.:.....::-:.-::.-:.--:,J70IOF,LH790,MUC,SIN,22:10,16:25+1,BUSINESS,1H,2,21.9 16.5,NO
6,Passenger,Noel White,MALE,2017-09-30,13A0RCCE1,.-...//.---//--.//---./-.,--.:.-.:.-.--:.:--.:.-:.-..-.-:--:-:::::-.-.----,FJAUJ4,LH790,MUC,SIN,22:10,16:25+1,BUSINESS,1K,2,18.6 17.3,NO
7,Passenger,Kaiden Bailey,MALE,1979-09-16,DFA9WWE44,//...///--/--.-//../-/.-.,--:--.:.-.:-:-:.-:.-:::-.---:-.-:::::.:-.-..::--,MHJPOR,LH790,MUC,SIN,22:10,16:25+1,BUSINESS,2A,2,21.2 18.3,NO
8,Passenger,Stefan Watts,MALE,2002-10-12,OWZUA9RO2,.//.-/----//.-/--./.-//.-,:-:.:..--:--:.:::-:..--::.::....-:::..----.:.--:,EFJ251,LH790,MUC,SIN,22:10,16:25+1,BUSINESS,2C,2,19.5 16.6,NO
9,Passenger,Dottie King,FEMALE,1964-07-20,YT940E72B,//--..-.-.----/-.---///-.,-..:.:...:.-.:....:.:-:---::..-.---:-.--.:-.::.-,4EGBYY,LH790,MUC,SIN,22:10,16:25+1,BUSINESS,2D,2,20.1 19.2,NO
10,Passenger,Mark Barker,MALE,2010-10-28,I0KHV1R0B,///.-././/./-/--.//-////.,...-:-:.:-...--:.-...::--.-..-:::.-::-:..::.::.:,PYGCXM,LH790,MUC,SIN,22:10,16:25+1,BUSINESS,2G,2,20.1 21.8,NO
11,Passenger,Tristan Green,MALE,2008-02-23,4UDP5H950,---./..-////////.--..--.-,..:---:.:...:.-.-:--..::-:.--..-:---:.-.:---:::.,809TS4,LH790,MUC,SIN,22:10,16:25+1,BUSINESS,2H,2,16.2 16.8,NO
12,Passenger,Hayden Williamson,MALE,2005-02-11,AKHC7BZGX,-..-.../..-././/../--.../,.-:.---.:----..:-.::-.-.::..-.:..:---::.-::::---,OE1CXX,LH790,MUC,SIN,22:10,16:25+1,BUSINESS,2K,2,20.8 17.7,NO
13,Passenger,Belle Walsh,FEMALE,1983-03-16,GD6UNFHI9,-.--../---./----.-.-./--/,.------:--.::.-..--::-:-...---.:.-::-.:...-....:,OC44GS,LH790,MUC,SIN,22:10,16:25+1,BUSINESS,3A,2,21 21.2,NO
14,Passenger,Eden Morgan,MALE,1950-12-30,PLLQQCKHZ,--/////....//...-/-/-..-.,.:..:-:.-.-.-::--....:--:-::-.--:.:.:-------:..:,4NHIVC,LH790,MUC,SIN,22:10,16:25+1,BUSINESS,3C,2,18.7 19.1,NO
15,Passenger,Genevieve Clarke,FEMALE,1967-04-14,8KOYCRVM3,--/--//../..-/-/-/.//.-.-,.::-.-:.--.-:-:.-.:-.:::--.--::.--::-:-..:-:.--:,JBXMCE,LH790,MUC,SIN,22:10,16:25+1,BUSINESS,3D,2,18.2 16.2,NO
16,Passenger,Owen Gordon,MALE,1974-05-25,4KCIJWK5W,..-../...--//-...//--..-/,-:-..:.--:.-.::-:---.-:.:...---..-.--:::-.:---:.,SQBJ6A,LH790,MUC,SIN,22:10,16:25+1,BUSINESS,3G,3,19.6 20.6 20.7,NO
17,Passenger,Lenny Read,MALE,1996-03-22,SEQTDCTYD,/-//.--.//--/-//.../../-/,:--..::..--.:.-...-:-.-:..--:..-:.::::.--::::.-:,6V8AXJ,LH790,MUC,SIN,22:10,16:25+1,BUSINESS,3H,3,17.8 19.9 20.7,NO
18,Passenger,Kate Watts,FEMALE,1955-05-07,MMJVDGPON,././---./-/../-/--.-/..-/,.-.-.:..:::::..::-:-:--..::.:.::-:-.-::--...::.-,KS4179,LH790,MUC,SIN,22:10,16:25+1,BUSINESS,3K,2,20.1 21.3,NO
19,Passenger,Agnes Palmer,FEMALE,1958-03-31,X57RNM1KD,/---//---/../--.--/.--/-/,:-.:.-:.-..:--:::---:-.-:--:-.:-.----.:.-:-:--:.,8ULI9N,LH790,MUC,SIN,22:10,16:25+1,BUSINESS,4A,2,18 17.5,NO
20,Passenger,Jorgie Martin,FEMALE,1976-03-23,I1AB044UP,.-///./.-./-..-.-...-//--,--.:::-.-.-:..:-:..--.---..:-...:..:-...-.::.-::,C2PV9R,LH790,MUC,SIN,22:10,16:25+1,BUSINESS,4C,2,19.6 18.6,NO
21,Passenger,Neve Bates,FEMALE,2011-03-27,1K1G8XF2Y,/.-//-/--/-./---.//-//--.,-::.:----.-:.::.-:.-.-:..--:.--...:-::--..:.----,W2UUEP,LH790,MUC,SIN,22:10,16:25+1,BUSINESS,4D,2,18.3 21.1,NO
22,Passenger,Fabian Rose,MALE,1961-09-21,6SMQOS1LW,.-./..//./../-.../////.-.,-..:.--::-...:.--::.---.----:.--:::-.:-.-..:-..-,O5YGCJ,LH790,MUC,SIN,22:10,16:25+1,BUSINESS,4G,2,17.3 18.8,NO
23,Passenger,Joaquin Archivaldo Guzman Loera,MALE,2015-10-16,WPTM0056B,-.-/-.-./-.-././-./../...,..:......-:-..--.:..-:::::.:.--..:-:-.:.-:-..--.,9IOPKF,LH790,MUC,SIN,22:10,16:25+1,BUSINESS,4H,3,20.1 17.5 16.5,YES
24,Passenger,Marley Chambers,MALE,1970-08-31,HKPD5G8D3,/.--////./.-.-..--.-/-/..,:-..:--:-..:.:-.-..-:::---::.-:-.:.--:-:.:.:-.:.,B1C285,LH790,MUC,SIN,22:10,16:25+1,BUSINESS,4K,2,21.9 21.8,NO
25,Passenger,Alexandra Rees,FEMALE,2019-02-12,KFUHFQE1O,.//./.-/..-.-//-./.-//../,:...-::--::---.::-.:.:..-::-:.:.:-.-:-:-.:...:.:,8E51B8,LH790,MUC,SIN,22:10,16:25+1,BUSINESS,5A,2,17.8 21.5,NO
26,Passenger,Chloe Robinson,FEMALE,2010-01-14,MAP650IAE,.-/-..///..////.--//.-/.-,.:--:..--.-:::.-.:.-.....:--::.:::...:---.:--.-.,7MU0LC,LH790,MUC,SIN,22:10,16:25+1,BUSINESS,5C,2,17.1 18 18,NO
27,Passenger,Myla Watson,FEMALE,1983-05-12,SXPMA8DEL,//---./../-.//.////-././.,.-:.:--:-.-..-.::....-.....----::.:--::--::..---,T6SN1D,LH790,MUC,SIN,22:10,16:25+1,BUSINESS,5D,3,21.1 16.7 17.5,NO
28,Passenger,Eloise Lloyd,FEMALE,1986-05-05,F95TS9NHI,////-..///----.-//-./-/.-,-:-::----.:---.---:.::.:-:..-.-.-..:--:-..:--..-,VB326X,LH790,MUC,SIN,22:10,16:25+1,BUSINESS,5G,2,21.4 17.8,NO
29,Passenger,Liam Byrne,MALE,1988-11-02,VY0J2RZUV,/././/.-//--.-..//.-//../,.-.:-..:..-:.--.-...:--.:.:-.::..:.::-.-:.-::.:-,7EMGNF,LH790,MUC,SIN,22:10,16:25+1,BUSINESS,5H,3,21.8 21.6 20.7,NO
30,Passenger,Tyler Griffiths,MALE,1972-10-31,ZYX9M23HQ,---.-/-.-/--...-/.-/./-/.,-..-:.--:.-.:-:.-.:-:-.-.:::.-...-.:-..:-:-:.:..,U93WX7,LH790,MUC,SIN,22:10,16:25+1,BUSINESS,5K,2,19.3 17.6,NO
31,Passenger,Margaret Gibson,FEMALE,1963-12-28,0SRS2ILGH,./-/.-/./-/-.-.-///-/.//.,.-.:.--:-.:...::.:.:.....--:.-:-:.::--:.:--:....,N6ST59,LH790,MUC,SIN,22:10,16:25+1,BUSINESS,6A,3,19 21.4 16.9,NO
32,Passenger,Clementine Porter,FEMALE,1968-12-20,IEWG9TZRW,--.///...-//./-.//..-//.-,:-::--:.:--..:--.-..-::-.-:-::..:.:-:---:::.-:..,15ALT3,LH790,MUC,SIN,22:10,16:25+1,BUSINESS,6C,2,20.9 21.5,NO
33,Passenger,Sydney Newman,FEMALE,1981-12-12,LVH8E5J4X,/-..-.../.-----////.-///.,::--.::--------:.:.--:.--::.:.:.::-:.:::.-:-:..-,DPMKM2,LH790,MUC,SIN,22:10,16:25+1,BUSINESS,6D,3,20.2 21.6 19.3,NO
34,Passenger,Kaleb Fox,MALE,1996-06-20,N05N8U5FO,////.//---./.-.---.-.-///,-:-.--:-:.::::-:.:-.::::.:.:.-..-:::.:.-:.::--:-,876XCH,LH790,MUC,SIN,22:10,16:25+1,BUSINESS,6G,2,19.1 19.8,NO
35,Passenger,Archie Read,MALE,1978-06-06,V5P0FRPZP,.---/-./--.--...-..//-//-,:--::-.--:-::---:.:.:-:.--::--..--:....:::-.:--.,9PZE68,LH790,MUC,SIN,22:10,16:25+1,BUSINESS,6H,2,16.6 21.3,NO
36,Passenger,Kasper Booth,MALE,1959-09-27,ZZ24JIEOA,.-/../-//./.-././//.../-.,-.--::---:::-:.:.-..:.--:..-.:.-:::.:.-.-.-----:,18X01T,LH790,MUC,SIN,22:10,16:25+1,BUSINESS,6K,2,19.6 19.1,NO
37,Passenger,Clara Mcdonald,FEMALE,1950-05-28,1WY5RXHYA,..--/-.//-////../////../.,.-:.-:-:--..::-:-.--..:.:-::-:-..:::--::--.-:.:-,2IWP0T,LH790,MUC,SIN,22:10,16:25+1,BUSINESS,7A,3,21.8 17.1 19.3,NO
38,Passenger,Cleo Stone,FEMALE,1958-01-18,HLZG0Y5GQ,//-/..///...--/....--/.-/,::...--:.---..:-::::--.--.-.::-::---..-:::-:.-::,2M9TIW,LH790,MUC,SIN,22:10,16:25+1,BUSINESS,7C,3,19 18.7 17.3,NO
39,Passenger,Francesca Holmes,FEMALE,1990-04-11,S3AF4ZXS9,//./.-/-///--././-///.-/.,..---.-::.---:-:-..-:-:-...:::-:-.::--::::.:-::-,SYVJ54,LH790,MUC,SIN,22:10,16:25+1,BUSINESS,7D,2,20.6 17.4,NO
40,Passenger,Arya Campbell,FEMALE,1959-01-12,D0SQETVEF,..../-./-..//--./-/.../.-,:....--.:-.---::-::--.-.:.--..--..-.:::..:-:-::.,Q87ZO5,LH790,MUC,SIN,22:10,16:25+1,BUSINESS,7G,2,19.4 18.7,NO
41,Passenger,Andre Cox,MALE,2006-02-17,57TEEPGAS,/--.././.--..-..//.././..,:...-:::-.:.-.-:::..:....::...-..-.-.::.--:--.::,9PC7E0,LH790,MUC,SIN,22:10,16:25+1,BUSINESS,7H,3,20.7 21.1 21.4,NO
42,Passenger,Kevin Matthews,MALE,1966-11-19,TGL7FGY8N,/-.././-/../-.//.//.---./,.-::--:..::-..::--:----:...-.--:.::-::..-:.--.::,F59YBO,LH790,MUC,SIN,22:10,16:25+1,BUSINESS,7K,3,20.4 16.9 18.6,NO
43,Passenger,Douglas Bates,MALE,1973-09-16,VLYGHG1ZV,////-../--//-..-.-.-.---.,-.:.-...------.-:--.-:...-:::..:::--:::::..:-:-.,SDL00C,LH790,MUC,SIN,22:10,16:25+1,BUSINESS,8A,2,20.8 21.3,NO
44,Passenger,Liam Robertson,MALE,1962-05-01,WN9076P4J,-././.-./.--.--./.../.-/-,-.-:-..:-:.::-:.-::-:.:-..:--:.:::::.:--..:.-:.:,XBV0VO,LH790,MUC,SIN,22:10,16:25+1,BUSINESS,8C,2,21.1 17.2,NO
45,Passenger,Angel Kelly,FEMALE,1996-09-28,173ZPJBZ1,././/.-.../-/..---//-..--,.::.----:...:..-:.-:.:-..:.--.:.:-.:..-..::--:..,ONBOER,LH790,MUC,SIN,22:10,16:25+1,BUSINESS,8D,3,19.9 18.1 17.2,NO
46,Passenger,Leila Collins,FEMALE,1994-06-13,4FODRU1U0,///---/-///.//.//-./-/--.,:--:-...-:-:::::---:...::::.:-.:::-::.----..:-:.,CG4VQ9,LH790,MUC,SIN,22:10,16:25+1,BUSINESS,8G,3,21.7 16.6 16.1,NO
47,Passenger,Brody Webb,MALE,2007-03-21,FMLKO7WMK,-.--./.-.///--.-./-.-/./-,::--.-:--..::.--:.:..::--:::..:.-.:...--:---::.-,BGVLRT,LH790,MUC,SIN,22:10,16:25+1,BUSINESS,8H,2,21.6 18.3,NO
48,Passenger,Aleksander Williams,MALE,2008-07-28,C0XY9VMRA,/-.-/-.-////-/..-/.-/-./-,---:.:-:::::::-:-.:---.:.:.-:...-....-:..::::.::,216DA7,LH790,MUC,SIN,22:10,16:25+1,BUSINESS,8K,2,18.8 16.8,NO
49,Passenger,Alexa Roberts,FEMALE,1950-08-20,PVM8BISQ2,-/.-.-...-./..///-///-/./,-.-...-:::-.--:-:::.:-.::.::-.::::::-:..-:.-:-.-,BVU8YR,LH790,MUC,SIN,22:10,16:25+1,PREMIUM_ECONOMY,12A,1,16.1,NO
50,Passenger,Meredith Walker,FEMALE,1983-09-23,5MC3QVFNG,--/-/-///.--/..---////./.,-.---..-.:----....:..:-:....:::-:.::..-..::.-::-,KRLJCJ,LH790,MUC,SIN,22:10,16:25+1,PREMIUM_ECONOMY,12C,1,21.9,NO
51,Passenger,Summer Kennedy,FEMALE,1975-08-25,5OOOWOC3V,//-..--/-../-.//./-./.--/,---.-::::::..-::....-.:.-:---.--.::.---.::.:...:,L4PX5I,LH790,MUC,SIN,22:10,16:25+1,PREMIUM_ECONOMY,12D,1,19,NO
52,Passenger,Ana Bailey,FEMALE,2001-03-11,UBSZ9MXW2,-.-/-.---///.--//-/.-.---,.:-::-::.---.:..::-.-.:.:--:--:.:-..--:.-::..-::,FR5NZA,LH790,MUC,SIN,22:10,16:25+1,PREMIUM_ECONOMY,12E,1,20.8,NO
53,Passenger,Aston Morgan,MALE,2009-02-11,XP0L7PYSM,//...-.-.-/...---//--.-./,:-:.-::-.-:-..:...-.---:::-.-..-.-:.:-.-::..:.--,KX2YN6,LH790,MUC,SIN,22:10,16:25+1,PREMIUM_ECONOMY,12G,1,17.4,NO
54,Passenger,Jason Lawrence,MALE,1971-11-26,JGD1ZRR05,.-..-.//.//./-..-.//.-/.-,..:-:-..--..::::-.-..-..:::.--.:-:...--:.--.:.--,NJ2710,LH790,MUC,SIN,22:10,16:25+1,PREMIUM_ECONOMY,12H,1,21.8,NO
55,Passenger,Dakota Parry,FEMALE,1951-11-21,ZT58UMV3B,-/./.-.--/---/..../-/..-/,:-::.:.---.-:-.-.:.-.:..---:::--.::-.:.:.-::-:--,TN6RXJ,LH790,MUC,SIN,22:10,16:25+1,PREMIUM_ECONOMY,12K,1,16.7,NO
56,Passenger,Alexa Duncan,FEMALE,1994-06-28,6SZIC19UY,--/..-.//----/../-//.//--,.:.:..-.::---..:..::.-:-.-:.-:.-.-.-.-..--.-:.-.,PK8DQL,LH790,MUC,SIN,22:10,16:25+1,PREMIUM_ECONOMY,14A,1,16.7,NO
57,Passenger,Harley Sharp,FEMALE,1977-12-12,NGN4X9Y86,/--.---././.-/-./--//..-/,::::...-::-:.:.:--:.-.--:-.-.::..-:--:--.::.--.-,KS7IOL,LH790,MUC,SIN,22:10,16:25+1,PREMIUM_ECONOMY,14C,1,20.5,NO
58,Passenger,Ruja Ignatova,FEMALE,1999-08-27,WYA2R6ZCC,/./--.-././..-/--.-/--.-/,.-.::..:.--:--.--.::-.:.:--.:...:--:--.---.--:-:,R6IECS,LH790,MUC,SIN,22:10,16:25+1,PREMIUM_ECONOMY,14D,1,19.5,YES
59,Passenger,Aliya Parker,FEMALE,2014-05-28,ILPM58JEF,-/-/-..---///--//-/--..//,:.:.:.-.-:-::.---:-.--..::.:.....----..-:.-::::.,ERYCGN,LH790,MUC,SIN,22:10,16:25+1,PREMIUM_ECONOMY,14E,1,21.1,NO
60,Passenger,Eliza Lane,FEMALE,1953-09-11,XYI4121MZ,-./-//--/.....-/...-/..-.,:..--.-..--..:-.:::.-.::.-.-:-.:---.--::--:.----,3CEHIR,LH790,MUC,SIN,22:10,16:25+1,PREMIUM_ECONOMY,14G,1,19,NO
61,Passenger,Tia Williams,FEMALE,1982-02-28,7QEWH80MH,.--//.-/--/-..-/.-./-.-//,.:-..-..:.:.::-..:...-:::.:--...:-.:-.::--:-..::,FXPYOJ,LH790,MUC,SIN,22:10,16:25+1,PREMIUM_ECONOMY,14H,1,21.9,NO
62,Passenger,Pearl Scott,FEMALE,1975-10-31,BRVXLZTRW,--/.//.//.-.--.//..//.-/-,--:-:-:.:::::--..::----::----:-..-.::.--::-:.:.-,4MUYPO,LH790,MUC,SIN,22:10,16:25+1,PREMIUM_ECONOMY,14K,1,16.2,NO
63,Passenger,Sophia Perry,FEMALE,1975-08-22,ZVGXGSGIC,..//.--/-/.-/-/-//.////./,.:..-:-.:.:--:::--..:....-.--:..:-..:.::.:.-.::.,LFIIDD,LH790,MUC,SIN,22:10,16:25+1,PREMIUM_ECONOMY,15A,1,16.4,NO
64,Passenger,Leo Reid,MALE,1965-06-24,Q0DHVSLU4,---/.-..-./---..--///./-/,-.----::::--..:--:..-:..:---.::::---.:----:-.::-,6MWO68,LH790,MUC,SIN,22:10,16:25+1,PREMIUM_ECONOMY,15C,1,18.1,NO
65,Passenger,Agnes Hall,FEMALE,1965-12-04,C5YJYUOTO,-.---...///./...--/..-//.,.-:.::::...-.-.:.-.:::--::.-...:.:-.:.:--..:.-..,LYW0VR,LH790,MUC,SIN,22:10,16:25+1,PREMIUM_ECONOMY,15D,1,20.5,NO
66,Passenger,Troy Cunningham,MALE,2000-05-08,P5XX7QZ7E,///--//./--./---.///..-//,-..--:::.:--:.-:::::.::-:-.::...:-..--...--::-.-,3DC0IP,LH790,MUC,SIN,22:10,16:25+1,PREMIUM_ECONOMY,15E,1,19.3,NO
67,Passenger,Oakley Ross,MALE,1975-02-11,A03YLSGC0,-//.-././-//....-.././-./,:-..:--.:..::.-:.-::--:::--.-.....-..-.-:.--.:-.,X22P9E,LH790,MUC,SIN,22:10,16:25+1,PREMIUM_ECONOMY,15G,1,18,NO
68,Passenger,Aliya White,FEMALE,1952-10-13,VC8UM4KOI,.-....-../--//./--..-/-//,:.:-::..::.-.-:.--..::.-:...-.--..-::::.-:--::.:,1DMVJX,LH790,MUC,SIN,22:10,16:25+1,PREMIUM_ECONOMY,15H,1,17.5,NO
69,Passenger,Katherine Smith,FEMALE,1950-05-03,ULV8S7WYM,/.///---/..--/.---./-//-.,:::.::-:.---:.-:..::-....::--:..:-:...--::-:-..:,X6MXF6,LH790,MUC,SIN,22:10,16:25+1,PREMIUM_ECONOMY,15K,1,19.7,NO
70,Passenger,Lauren Green,FEMALE,1954-04-14,HML0289UB,---./.-//-.-..-/-...-//-/,:..:-:..:.:-:-:-.-.::....--:.:-:::-:-:---:.-.:::,FO2CF8,LH790,MUC,SIN,22:10,16:25+1,ECONOMY,16A,1,21.4,NO
71,Passenger,Aliya Perry,FEMALE,1989-05-31,93JPGPI96,../././-///.-/-..-//-.---,-.-:-:::-.--..:-::-.--....:...-.--.:-:...:.:-:.-,ULZVDP,LH790,MUC,SIN,22:10,16:25+1,ECONOMY,16C,1,21.5,NO
72,Passenger,Nadia Read,FEMALE,1986-11-14,8ABSBE80B,.///.//.//.-//.-//---/.//,:-::-..:-.:::.-..:..::-:.-..::-....:-:-:::-.-..-,WXQSLP,LH790,MUC,SIN,22:10,16:25+1,ECONOMY,16D,1,20.5,NO
73,Passenger,Aarav Johnston,MALE,1996-04-29,LZ6Q8OW4A,/-/-....././.-/.-/..//...,.-.:-.:::.:::..-.-.:.-:.:.-:--:.:.-.-:---:.::.-:,HE86GT,LH790,MUC,SIN,22:10,16:25+1,ECONOMY,16E,1,16.7,NO
74,Passenger,Hazel Doyle,FEMALE,1992-07-02,H0LYOKHTX,/.--.//--.//.--/..-..-//-,.-.-.-..:.:.---:.:-::.--.::-:..::.::-...-.:.:::-,QR98E0,LH790,MUC,SIN,22:10,16:25+1,ECONOMY,16G,1,18.3,NO
75,Passenger,Destiny Graham,FEMALE,1989-09-19,08ZKAJS2Z,/.-///./.-..//.-./.-/--./,:-:--:-.-:.:::.-.-...-....-..-:-:-::--:.-::.--.:,DH9QM9,LH790,MUC,SIN,22:10,16:25+1,ECONOMY,18A,1,16.3,NO
76,Passenger,Louis Foster,MALE,2016-11-29,9SPO0DV1U,/..-//--/-///.--//..--///,--.:..:-:-.-.-:..:-.::...--::.--.-::--.--..:.:--,1HYR5J,LH790,MUC,SIN,22:10,16:25+1,ECONOMY,18B,1,18.6,NO
77,Passenger,Connor Sharp,MALE,2013-02-06,ZLNOYQY7E,---/.../..-./-./-././-..-,:-.---.:--:-....:...-:..-..--:-::::::-:-:.::..:.,8LMRVG,LH790,MUC,SIN,22:10,16:25+1,ECONOMY,18C,1,20.8,NO
78,Passenger,Jaxson Hudson,MALE,1986-08-19,S64651L3B,-//--.---//..---//-.//--.,-:.--..:.:-.::-.:--:-.-::..::.---::::-.--:--.--:,RC1RAU,LH790,MUC,SIN,22:10,16:25+1,ECONOMY,18D,1,18.6,NO
79,Passenger,Alan Barker,MALE,2014-02-01,9JMFWIRN1,.-./..-/.../-/.//..-./.-.,:-.-.::...-..--:--:--.--:.:-.-:-..--.::-::-:....,RU8TET,LH790,MUC,SIN,22:10,16:25+1,ECONOMY,18E,1,21.8,NO
80,Passenger,Libby Mills,FEMALE,1980-07-30,ZE3Q1VQ93,-..--/..-..////---././---,-::.:::-.---.:.--.-.:-..-:--:::--.-:::.---.--:.-,11MG3H,LH790,MUC,SIN,22:10,16:25+1,ECONOMY,18G,1,20,NO
81,Passenger,Cian Holland,MALE,2004-05-23,CMEYSA0G0,--.../.-././/.---/../-/-.,-.:::----.--.::.:::-:.--.-:.---.-.-:-:-::--:-:.:,2XK2AP,LH790,MUC,SIN,22:10,16:25+1,ECONOMY,18H,1,18.9,NO
82,Passenger,Casper Morris,MALE,2012-03-01,DY64K3U5E,..-./--.-//./-../--.--..-,.::-.-::..-.-.---.-::-.:.-.-:-::::--:.:..-.-:...,0YUPLC,LH790,MUC,SIN,22:10,16:25+1,ECONOMY,18J,1,17,NO
83,Passenger,Heidi George,FEMALE,1976-06-21,CXA7T1LDN,/-..--..//.-.-..-/-.--/-/,.:-:.-.--.-.:-..:::.--..-.------:-:-:--:::-.-::-,SVBWC9,LH790,MUC,SIN,22:10,16:25+1,ECONOMY,18K,1,21,NO
84,Passenger,Honey Hunter,FEMALE,1995-07-27,J7BBNXK8Y,....---/..-//-/--/--..-./,-.:::..:..-::::--..---:-.-.:--...:-.::--.:..-.--,K9WKW0,LH790,MUC,SIN,22:10,16:25+1,ECONOMY,19A,1,21,NO
85,Passenger,Sebastian Taylor,MALE,2014-01-25,AP3MNX1S5,/-./....-/-/.--/--/-.-../,.-::-..:---.:-:..-:-.-::-.-..:::-:::..--.--:.-:.,BTDCW3,LH790,MUC,SIN,22:10,16:25+1,ECONOMY,19B,1,21.2,NO
86,Passenger,Ray Rose,MALE,1994-03-27,SSG33D2G1,--/-/..-./.--.-/-./..//-/,::--:.:-:---:..-.-:-:..--:.--:.:..-:..-----:::-:,1EJPNJ,LH790,MUC,SIN,22:10,16:25+1,ECONOMY,19C,1,17.6,NO
87,Passenger,Sonny Roberts,MALE,1955-12-05,1EPJIJZ8M,---//--../.-../..-..-/./-,.:..:-.-:-...::.:.-.:.:-:-::-:.:::...:--.:.--..:,6CRU6A,LH790,MUC,SIN,22:10,16:25+1,ECONOMY,19D,1,18.2,NO
88,Passenger,Lottie Brooks,FEMALE,1971-10-24,KCFK8UPXG,-.//.....-//-.-.././.-.//,...:....-..-.:.-.-..-::-.-::::::.:----::.:.:.:-:,PONXJ9,LH790,MUC,SIN,22:10,16:25+1,ECONOMY,19E,1,16.7,NO
89,Passenger,Maia Fraser,FEMALE,1970-02-09,E7VND8OEX,---/...-//./-/-.-/.././//,::....:-:..-.--.:-:-.:-..:::..--.-.-.-:-.----.-.,JG9ETX,LH790,MUC,SIN,22:10,16:25+1,ECONOMY,19G,1,20.5,NO
90,Passenger,Roman Gardner,MALE,1998-04-06,XQZ2XQZUQ,/-./---/-/-/.-/-/-//..//.,:..:-..---::.-:--:.:--::.--..::..::.:-.:..:-.::-,1S5Z80,LH790,MUC,SIN,22:10,16:25+1,ECONOMY,19H,1,18.6,NO
91,Passenger,Amber Jenkins,FEMALE,1954-09-29,S13HTIDO1,././../-..-/././/./..-...,-.:.::.-.:-:-:..-::-::-:..:---::.-:-:--::.::-:.-,2XZOHW,LH790,MUC,SIN,22:10,16:25+1,ECONOMY,19J,1,21,NO
92,Passenger,Riley Allen,MALE,2000-09-24,MN7X7IC33,//--../.-.--/.///--.--.//,-:-.:::-.:-:-:::-.:.:.-:--.::-::..--:--.:.:::-.:,N4P36U,LH790,MUC,SIN,22:10,16:25+1,ECONOMY,19K,1,18.9,NO
93,Passenger,Walter Griffiths,MALE,1969-07-23,QZHXP1DE7,.....-/./.-//..///////.-.,::::-:--:..-:..:-:.:.::----:-::-..-:.-.--:.:::.-,YZFXEH,LH790,MUC,SIN,22:10,16:25+1,ECONOMY,20A,1,18.9,NO
94,Passenger,Elena Mccarthy,FEMALE,1965-08-15,J6JTSCNU4,-//-////--....//../---.-/,--:::.--:::-.:..:-:-:-::.--::--.-:-:..:..-..:--:,WRIE6J,LH790,MUC,SIN,22:10,16:25+1,ECONOMY,20B,1,18.9,NO
95,Passenger,Teddie Elliott,MALE,1978-11-11,KZQC2Y4PH,./-..-/..-//..-/-...-/--.,.-:-:.:-::.--::...-:::--.:--:-.:.-::-.:.-.-::..-,ZLNRY1,LH790,MUC,SIN,22:10,16:25+1,ECONOMY,20C,1,20.9,NO
96,Passenger,Norah Turner,FEMALE,1974-02-23,78OJBGKGC,/./-./..../.---/--.-//---,.-:...--::--::.:.-.-:..-:--:.:--:--..-...:-.-:--,ZXI6H6,LH790,MUC,SIN,22:10,16:25+1,ECONOMY,20D,1,16.6,NO
97,Passenger,Amira Holland,FEMALE,1987-06-08,95AJL4419,././.../..//--.-/.-/-.-//,.-.::--.:-.-..:-..-::.:-.::..:--:.:-:.-.--::-.::,BFXUND,LH790,MUC,SIN,22:10,16:25+1,ECONOMY,20E,1,17.5,NO
98,Passenger,Victor Read,MALE,1999-05-24,FTVUV1I35,-././//---../....///-----,.::-:.--:-:.:--:--:.::--..--..:-:-:.::.-:::---::,XSO2BV,LH790,MUC,SIN,22:10,16:25+1,ECONOMY,20G,1,16.3,NO
99,Passenger,Neve Houghton,FEMALE,1974-09-13,F9TP1AGCC,..-/--./-/...-//-.-/-/--/,-.:-.:-...::.--::-:.---..:--.--.:-.-..:.::-.--::,BMVRF1,LH790,MUC,SIN,22:10,16:25+1,ECONOMY,20H,1,20.1,NO
100,Passenger,Neve Webb,FEMALE,1984-01-17,MYW5VG42R,/-...-///-/--/-.../-/.//.,:--.-:..-:::.-...:..::-.-::--.-.-:::-:-.--:.-:.:,XP7WRO,LH790,MUC,SIN,22:10,16:25+1,ECONOMY,20J,1,19.8,NO
101,Passenger,Amiyah Price,FEMALE,1968-08-29,PRL3Z50WY,.///--//-///-/--.././/.-.,-...-.-.-----..--.-.---.-:-::-:::.::..:-:-::--:-,332BY5,LH790,MUC,SIN,22:10,16:25+1,ECONOMY,20K,1,19,NO
102,Passenger,Joe Turner,MALE,1994-05-07,1EO4XQMXS,/.-.-/-./-///.--/--//...-,-.-.:::-.-.-:::-:..:-.:--..:.-:.:--:.:---..-:--.,K28VF0,LH790,MUC,SIN,22:10,16:25+1,ECONOMY,21A,1,16.6,NO
103,Passenger,Jeremiah Riley,MALE,1955-12-24,OFNYJSSNW,-..//-.///-./--//-//..-/-,--..::::-----:-:-..::.:-..-.:-.-.-:---..:.:..--:,XIEHPP,LH790,MUC,SIN,22:10,16:25+1,ECONOMY,21B,1,18.1,NO
104,Passenger,Tilly Chambers,FEMALE,2005-07-24,NFKFAW9BQ,.....-.-.//-.-/-..-/..-.-,-:.:.:.:-::-:----:..--::.:-.:-:-.:::.:.:.:-:::::,YEBJXH,LH790,MUC,SIN,22:10,16:25+1,ECONOMY,21C,1,16.5,NO
105,Passenger,Anya Hunter,FEMALE,1985-12-26,28OZVXRYE,--/.--/./---.//-../////--,.--::.-:::.-.-.-.::.--::.:.-.-..:..:.:.:-:---:::,IP3E56,LH790,MUC,SIN,22:10,16:25+1,ECONOMY,21D,1,19.6,NO
106,Passenger,Macey Dean,FEMALE,1959-08-20,XBSGDGWU9,--..../..//.-/../-..-/--/,:.-.-:.:-:-:-..-.:.:-.:.:-.::.-:.:.:-...-..-::-:,40Y507,LH790,MUC,SIN,22:10,16:25+1,ECONOMY,21E,1,19.8,NO
107,Passenger,Bentley Wells,MALE,1959-05-21,2LC4HZ2TB,..//./.-/.--.-././...--.-,...:.::.:.-::--:.::..----..-:..:-:-.--:--:...:-.,Y5V9SA,LH790,MUC,SIN,22:10,16:25+1,ECONOMY,21G,1,18.8,NO
108,Passenger,Iris Henderson,FEMALE,1974-10-15,82GVTOL60,/-.-.//-.-----...-/-/.-..,:.:-.::..--.:--.-:::--:-...:-:-.--.:..-::...--::,JA17CV,LH790,MUC,SIN,22:10,16:25+1,ECONOMY,21H,1,16.1,NO
109,Passenger,Marco Bell,MALE,2019-08-10,QXTWTW7GD,///--.-/..//.-.-./---////,.-::-:.::-:.::-:.....--.--:.::.--:.-::.:..::..-:,JSTVBT,LH790,MUC,SIN,22:10,16:25+1,ECONOMY,21J,1,21.6,NO
110,Passenger,Toby Campbell,MALE,1960-01-08,GX5O4GXOW,/--.-.//////.-..-/.//-/--,...:::..:-...--.:.-:.:---:-.-.:---:---.::-.-:---,O4M7LJ,LH790,MUC,SIN,22:10,16:25+1,ECONOMY,21K,1,20,NO
111,Passenger,Stella Palmer,FEMALE,2011-01-13,RLM33YVAQ,/-//./-./-/-../--/--.-.-/,--:.:.--.:.:-..:.-::.:---:--:.:..:-.--::.-.-.:--,CBH4JN,LH790,MUC,SIN,22:10,16:25+1,ECONOMY,22A,1,18.3,NO
112,Passenger,Isaac Owen,MALE,1999-12-09,FZYF7UP0Z,-./..-././-././.-.../----,:--:.:-:...---.:::-.-...:-.-::-:-.:-..::-..-:.--,ZMLHSK,LH790,MUC,SIN,22:10,16:25+1,ECONOMY,22B,1,18.1,NO
113,Passenger,Abraham Dawson,MALE,1974-12-30,RPIXPKTH5,/...--.---//---//////..--,-.---.:--.-::.:.--..-:.:...-.:-:..::-:----:..:..,SN5G9J,LH790,MUC,SIN,22:10,16:25+1,ECONOMY,22C,1,16.6,NO
114,Passenger,Jayden Hall,MALE,1969-08-18,A3359VW8M,..//-..--.--//.-/-././/./,---:::.::-:-:--:::::----.-.:.--.::::::..:..-:-::,HCU68L,LH790,MUC,SIN,22:10,16:25+1,ECONOMY,22D,1,18.4,NO
115,Passenger,Finlay Webb,MALE,1998-08-22,KCI3WTHBI,--/.-//...-.-//../-/..--.,.-:-..:-:-.---:---:.:..::..::::.--:---.::-::.:--,3ZFM1V,LH790,MUC,SIN,22:10,16:25+1,ECONOMY,22E,1,19.6,NO
116,Passenger,Faith Fisher,FEMALE,1989-12-04,4H53QSWVY,./....-/////..././/-.-.//,---.:-:--::.-:--.:-.---.:::-:.::.:-.-::-:-:...::,H7NZVO,LH790,MUC,SIN,22:10,16:25+1,ECONOMY,22G,1,21.6,NO
117,Passenger,Lydia Burton,FEMALE,1973-03-02,95UGUZ7ML,/-.-.-.-../.-...--/---.-.,..-:...:--:.---..---:..--:-:-.----.:::-.-..---.:,JY8CAQ,LH790,MUC,SIN,22:10,16:25+1,ECONOMY,22H,1,19.7,NO
118,Passenger,Ivy Reynolds,FEMALE,1978-06-10,4LKB4FCQL,/././/--.-../-/-/.-..--//,-.::::.:-::-..:-.:..-:.-..:--.::.-.:-:-:.:---..:,UIIPMU,LH790,MUC,SIN,22:10,16:25+1,ECONOMY,22J,1,16.6,NO
119,Passenger,Sylvie West,FEMALE,1998-06-30,EQ72M62NJ,---././.-/-//-----.-./../,::.-.----.--:::.:.--:-.:-.:::.---.-.:.-..-::.-::,1TQ4XJ,LH790,MUC,SIN,22:10,16:25+1,ECONOMY,22K,1,21.9,NO
120,Passenger,Alfred Williams,MALE,1954-12-25,7DKI4LALN,///-...///...-.///-./.--.,:-.:....:.:---:::-:--.:.-:-.-.-:.::.::----::::..,E8EI1Z,LH790,MUC,SIN,22:10,16:25+1,ECONOMY,23A,1,17.8,NO
121,Passenger,Ashton Hamilton,MALE,2001-05-20,D9BH3V7I5,/-//-...---..//.-./--.//.,.-.:.:-.:-.:.:.--:::-:::-::.:::-:...-:----.--.:.,E1AEM9,LH790,MUC,SIN,22:10,16:25+1,ECONOMY,23B,1,16.9,NO
122,Passenger,Robyn King,FEMALE,1998-10-09,7I4KXELXD,.--.///-/-/.-/./-....././,..----.....--:.-...:.--..--:-:.:.-...:::..-:-..-,MGO0GE,LH790,MUC,SIN,22:10,16:25+1,ECONOMY,23C,1,18.7,NO
123,Passenger,Nancy Johnston,FEMALE,2009-07-12,CZOEDRALN,.-./.-//-/./-./.-//.../.-,:-.-.--:.-:-..---:.:.-.-.--..-.--:-.---:---.:.::,ZH9VZ0,LH790,MUC,SIN,22:10,16:25+1,ECONOMY,23D,1,16.3,NO
124,Passenger,Leia James,FEMALE,2012-01-05,6NL7MTSK3,../--.---.----.--../..///,:.:-:..-:..-.-:-::--.:...-..--:-.:.:-:-:-..:::-.,Z8ZYXA,LH790,MUC,SIN,22:10,16:25+1,ECONOMY,23E,1,19.8,NO
125,Passenger,Olive Morgan,FEMALE,1959-12-05,LCSNLTGXX,-.---/.-//././-.../-.--//,---:.-:.::.-.::.::-.:---:.::.:::.-.-....:-:.--.-,P2B30N,LH790,MUC,SIN,22:10,16:25+1,ECONOMY,23G,1,20.4,NO
126,Passenger,Owen George,MALE,2020-05-03,DNY63DNM0,-/-.--//-----///-/-/./..-,-.::.-.::--.-.-:..:.:.--::..------::.::.-::..::.,AZM3CR,LH790,MUC,SIN,22:10,16:25+1,ECONOMY,23H,1,20.4,NO
127,Passenger,Jacob Bailey,MALE,1958-12-23,U09ZB8LL1,-../-.-/.//../.././-...-/,.:::-.:.---::-:-.--:-::..:---.-:.:-:-.-.:-...:..,2F0IO8,LH790,MUC,SIN,22:10,16:25+1,ECONOMY,23J,1,21.7,NO
128,Passenger,Amirah Mason,FEMALE,2010-06-22,5K09MIB1B,//-/...///..-/.../..///./,.::-:---.--:...:.::.-.::-:.---.::::.-:--.-:-:.-.,9BRJEN,LH790,MUC,SIN,22:10,16:25+1,ECONOMY,23K,1,18.5,NO
129,Passenger,Haris Brown,MALE,2013-07-23,C5NUHEA09,..//--..-/-/--/.-..-.--.-,--:--:.-.-:::.::--.::-::-:.--:.:.-...--.:.-.--..,VGGZBL,LH790,MUC,SIN,22:10,16:25+1,ECONOMY,24A,1,16.2,NO
130,Passenger,Nylah Cunningham,FEMALE,1960-12-14,R89XZR3DD,--.-./////--.--.--/././/-,.:.::..::..::.-::::.-:-..-..:--.-:.::..---.:.-:.,82SGDR,LH790,MUC,SIN,22:10,16:25+1,ECONOMY,24B,1,16.4,NO
131,Passenger,Dylan Gibson,MALE,1974-08-15,VBSLND232,//./././...--.---././-/./,..-.--:...-::...-..:..:::...-.:.::::::-:..:-:-.:,X44UC6,LH790,MUC,SIN,22:10,16:25+1,ECONOMY,24C,1,19.7,NO
132,Passenger,Mila Wells,FEMALE,1961-11-04,3WUUS8G4F,//.//.--/..-.-/-./-...-//,-.::::::-::-.-:.:--:.....-..-....--:-..-::---:-:,74VJ1E,LH790,MUC,SIN,22:10,16:25+1,ECONOMY,24D,1,17.8,NO
133,Passenger,Penny Barnes,FEMALE,2003-10-17,UX0P4AN28,--/--/-////.-../././....-,---.:.:....::.-..-::.:-:.:-:.:.:-..::-.-...::---,4YJBNL,LH790,MUC,SIN,22:10,16:25+1,ECONOMY,24E,1,16.7,NO
134,Passenger,Sara Fletcher,FEMALE,1985-11-29,JDVU1FW9C,/.--/...---..--/.-../.-.-,:--.-:--:.--::.:::.:.::-.---.:-.-.:..::.:-.--.:-,J3QSBY,LH790,MUC,SIN,22:10,16:25+1,ECONOMY,24G,1,18.2,NO
135,Passenger,Ivan Newman,MALE,2006-10-23,9LMA6PYHA,/./--/./-/--/-./..//...--,..::-...:-..:-:..-:--.:..-:::--:-:.-::--:..:....,775L6B,LH790,MUC,SIN,22:10,16:25+1,ECONOMY,24H,1,19.1,NO
136,Passenger,Gracie-Mae Doyle,FEMALE,1961-01-16,Y6S0ZVKB9,--////-..-./.-/.-/./-....,:...-----::--.-..-.----:-.---..::--:--..---::.--,C8IGOE,LH790,MUC,SIN,22:10,16:25+1,ECONOMY,24J,1,16.2,NO
137,Passenger,Clara Murphy,FEMALE,2018-09-20,QUL3EXGFS,-/-/---.....--/..--/./-/-,:.:.:.::...:-.-.---::-.:...:-.::.-.-:.:.:.--:-..,I018G5,LH790,MUC,SIN,22:10,16:25+1,ECONOMY,24K,1,20.5,NO
138,Passenger,Rowan Cunningham,FEMALE,1954-01-19,S8X5BSAEB,.----./../--/.//----/-./-,:-:-:.:-:.--......:-::.-..-:.-.-.-:-.:.--:.--.--,2GH9W1,LH790,MUC,SIN,22:10,16:25+1,ECONOMY,25A,1,18.2,NO
139,Passenger,Rosa Anderson,FEMALE,1954-09-14,X6DX0T3KI,---///.///.--////--.//.//,--:-.:.-.--.:.:.-:-.::---:.-----.::.:.-.-..:.--:,O3K07H,LH790,MUC,SIN,22:10,16:25+1,ECONOMY,25B,1,16.6,NO
140,Passenger,Mylo Hudson,MALE,2019-09-08,MGERITIPP,.-//-//.-.--.--.//.----./,.::---...:-:.:.--:.:--.:.:.-.:..:..:::-.-.....--,KE7W73,LH790,MUC,SIN,22:10,16:25+1,ECONOMY,25C,1,18.5,NO
141,Passenger,Clara Gallagher,FEMALE,2013-01-14,5LBR754XE,.-././--./-./-//.-.../...,-:.:::-:-.:-..:..-::.-.--.:-:---:.-::-.-:.:.:-::,691AF9,LH790,MUC,SIN,22:10,16:25+1,ECONOMY,25D,1,16.2,NO
142,Passenger,Arlo Johnston,MALE,1984-11-27,4HPXWA1U7,./-//./-..-.-.///-//.--..,..:-.:-:..-:..:..:-:.:::.-.:..:.:.-..-:-.:.-.::.,9C4H3P,LH790,MUC,SIN,22:10,16:25+1,ECONOMY,25E,1,16.7,NO
143,Passenger,Joshua Bailey,MALE,1967-11-17,0R7C6J57H,-//...//-/.-..-./../.--..,--:---:.::-:.::...:-.-.-:-::.:-:...:..:-:-:.:.:-,0G37EC,LH790,MUC,SIN,22:10,16:25+1,ECONOMY,25G,1,16.9,NO
144,Passenger,Nellie Hart,FEMALE,2020-07-22,QYQVHIB6C,/-/-/./-.-/----.///.-/.//,::----..:.---.::.-..:.-.-:-:::-::.-...-:.::-:..-,FXISEH,LH790,MUC,SIN,22:10,16:25+1,ECONOMY,25H,1,18.5,NO
145,Passenger,Rowan Stone,MALE,2015-03-25,4NENSBMD5,/-./-././.--..--///./..-.,-.-.:-::::....-::.-::--:..:..-::.-:.-:...:::.::.,QFZRZA,LH790,MUC,SIN,22:10,16:25+1,ECONOMY,25J,1,21.6,NO
146,Passenger,Cooper Hussain,MALE,1972-12-31,25U62AEPW,/---//-../---/-./.---/../,.:.::.....--:.-:...-::::.--...-:.-:.-.-::..:::.:,8N7KVO,LH790,MUC,SIN,22:10,16:25+1,ECONOMY,25K,1,17.4,NO
147,Passenger,Addison Gardner,FEMALE,2007-11-26,3SHDNRNW9,--//..--/-......-.-.-....,--:-.-:--..-.----::.-:-..-...::.--::.-.:-::.-::-,TZ1GIM,LH790,MUC,SIN,22:10,16:25+1,ECONOMY,26A,1,16.2,NO
148,Passenger,Marco Rogers,MALE,1964-01-07,SLLP2X6ZG,/.-/.--/-..-/-/..-.//..-/,..--..::-..:-:--:..:.:.-....--.-.-.-.--.-:-:.:.:,T6D02B,LH790,MUC,SIN,22:10,16:25+1,ECONOMY,26B,1,16.7,NO
149,Passenger,Rudy Mason,MALE,1985-05-14,FBOHAE1C0,-/.----../.-/-./.-.-./-//,.:---:::::--:::..:-::.-.-:..--.-.:-.:::-.-.:...-,26HM4H,LH790,MUC,SIN,22:10,16:25+1,ECONOMY,26C,1,18.8,NO
150,Passenger,Junior Byrne,MALE,2006-09-09,CD4CV3OSN,/.--.-.-//-//...-/-/././-,-:...:-...:-.--..---.-----:.:-:--.--:-....-..:-.,G17R1U,LH790,MUC,SIN,22:10,16:25+1,ECONOMY,26D,1,21.7,NO
151,Passenger,Eric Day,MALE,2008-11-04,TW16VJH7N,..///--..////-/.-./--/-//,------:-.::-----.:::.::::-..--::::-.-:.-.-:.:--.,S14NLD,LH790,MUC,SIN,22:10,16:25+1,ECONOMY,26E,1,17.9,NO
152,Passenger,Olivia-Rose Kaur,FEMALE,1999-11-02,3H2X0K1K6,.//-.--./../-//.././...-.,--.-:..:-::.:--.--.:---....:.-.-.---..--..----.-,KJ9SHZ,LH790,MUC,SIN,22:10,16:25+1,ECONOMY,26G,1,21.6,NO
153,Passenger,Jesse Fraser,MALE,1966-10-18,9OVUI0805,-///-/.....----..//-..../,---..-:.::----:.:-:.---..::::.--:::-:-.----:::..,WB4R78,LH790,MUC,SIN,22:10,16:25+1,ECONOMY,26H,1,16,NO
154,Passenger,Kyle Andrews,MALE,1986-07-02,GPCFS0BRK,.-.....-/--.-.//---/./...,--:---::::.:--:::-.:-.:-:.-:-::.-.-.::---...:::.,CHQWXG,LH790,MUC,SIN,22:10,16:25+1,ECONOMY,26J,1,17.6,NO
155,Passenger,Rosalie Hughes,FEMALE,1992-06-14,CKFRDAZKL,.-.-/-//..---../-.-/./...,:--.:.:---..::--.:..-..:.::::.:-.--.::.-.:.::-::,BGN9XQ,LH790,MUC,SIN,22:10,16:25+1,ECONOMY,26K,1,17,NO
156,Passenger,Elena Edwards,FEMALE,1982-01-01,WIM7HK2LN,-.../.....///../.-/.-/../,.----:.::..--.-:--.-:-.::-:.--:-:---.-:::--::.-:,16XKV5,LH790,MUC,SIN,22:10,16:25+1,ECONOMY,27B,1,18.1,NO
157,Passenger,Isobel Owen,FEMALE,1968-06-28,G0HCDSFIZ,-///./----./-//---.//--//,:-:::..--.:-:..:----::---:..:::...-.....-.:-.-.:,QFQEUF,LH790,MUC,SIN,22:10,16:25+1,ECONOMY,27C,1,21,NO
158,Passenger,Blossom Simpson,FEMALE,2020-02-15,P7L1C8BL5,.//.--/.-/--//-//-..-../-,::::--.--:-.::.---.-:::.---:--:-:.--:-.:...::.:-,ISFL7R,LH790,MUC,SIN,22:10,16:25+1,ECONOMY,27D,1,18.4,NO
159,Passenger,George Griffiths,MALE,2008-04-27,UC7J0MSGV,/--/-..-..///....-.--../.,:::----.:::.:.-::-..:..-::-:-.--.:---.--:--::.-:,LQSVMB,LH790,MUC,SIN,22:10,16:25+1,ECONOMY,27E,1,21.6,NO
160,Passenger,Ben Davidson,MALE,1970-01-22,V0MWGTNZK,-././.--./-.-//.--///.../,-:..-:---::.-:.-:-:-...::.:..-.::-.:--.-....--:-,2M5JOU,LH790,MUC,SIN,22:10,16:25+1,ECONOMY,27G,1,17.8,NO
161,Passenger,Anayah Holland,FEMALE,1959-05-26,ZTUWOHGYS,./-.-.---//-//-.-./..//--,-.-:--..:::.:-....::.--...:-.--:-------:.-..---.,KLN58V,LH790,MUC,SIN,22:10,16:25+1,ECONOMY,27H,1,21.5,NO
162,Passenger,Sarah Lee,FEMALE,2004-02-11,AW4WX7VTE,/./...-.//.-../././/-/.//,-:---..-.:.::.:-::-.--:::--:-:-..:-.----...-::-.,SQL93Y,LH790,MUC,SIN,22:10,16:25+1,ECONOMY,27J,1,17.5,NO
163,Passenger,Sara Mills,FEMALE,2007-12-30,M8I94PT6P,//-/..//-//..---.-/./..//,:.:-::..::--..:.:.:....-.-::.--:-..-....--..:-.:,QLN188,LH790,MUC,SIN,22:10,16:25+1,ECONOMY,28A,1,20.5,NO
164,Passenger,Kacper Thomas,MALE,1997-12-02,YKFNB9TS8,-/-/----.//.-/.-..-//----,-::.:..-:-:-..-.-.:.:.-::..:::..-:.:---:-:..:--:,B20ELO,LH790,MUC,SIN,22:10,16:25+1,ECONOMY,28B,1,20.2,NO
165,Passenger,Marshall Elliott,MALE,2009-12-06,VFEFIJTW0,./.-..---/-.-//.../-.-.-.,:-.:--..-:---:::..--:--:.:.-:.:---::--:.-..-::--,SEF1SO,LH790,MUC,SIN,22:10,16:25+1,ECONOMY,28C,1,21.6,NO
166,Passenger,Cohen Ross,MALE,1970-10-05,2PQUIB0EQ,../----/--.-.....////./.-,--.-:-.::-:-:-::.:-:-:---:::..::...:::.:--:---..,IKLQ3R,LH790,MUC,SIN,22:10,16:25+1,ECONOMY,28D,1,20.9,NO
167,Passenger,Sam Martin,MALE,1978-08-01,Q9MEHF2EJ,.-//-//-..-..-..-----.--/,::.-.-..:.-:-.-..:.:.:.-.--..-:-:.-::-::..:-::..,HD7QC0,LH790,MUC,SIN,22:10,16:25+1,ECONOMY,28E,1,21.7,NO
168,Passenger,Martha Macdonald,FEMALE,1987-07-02,EGZ7NN85B,---.//./.-/---.///.///.-.,---.---:.::::..:....-.:.:-:--..-:.:-:::----...::,13YHVW,LH790,MUC,SIN,22:10,16:25+1,ECONOMY,28G,1,19.2,NO
169,Passenger,Miriam Holmes,FEMALE,2009-06-10,A0CUOSF2A,.-/--.-.---..-.--/-//--//,:.:::...::::.---::-.:--.::.:.:.---:::..:.:..::-:,O6Z82V,LH790,MUC,SIN,22:10,16:25+1,ECONOMY,28H,1,20.1,NO
170,Passenger,Archer Collins,MALE,2018-09-27,LV89NAIMD,--.-/-//-.-//./-/.-.-.---,:---:-.:---:.--:-:-.-:.----..:.::--:...-.:.:-:.:,78IRHO,LH790,MUC,SIN,22:10,16:25+1,ECONOMY,28J,1,17.4,NO
171,Passenger,Tia Morgan,FEMALE,1982-02-20,O86KFTBFI,/./-.-/-//.-/-//...--/.--,-.-.--.-..-..:......-.::.::..::..-:------..:-.-:,R4SPFD,LH790,MUC,SIN,22:10,16:25+1,ECONOMY,28K,1,18.6,NO
172,Passenger,Alana Evans,FEMALE,1960-11-23,6JSC2KQCH,/.-/--.-.-/--..--//-/--.-,.-..-.-..::...::....::-:-..--:.:..-:.::--..:-.:.,0YI1SM,LH790,MUC,SIN,22:10,16:25+1,ECONOMY,29A,1,20.1,NO
173,Passenger,Rosa Gibson,FEMALE,1964-02-05,CLQK2GEH9,-../--///-///-/-.././-/..,.:.:...:-:...-..--:.-.---::::::.-:-:..-::.:-::--,D54P7W,LH790,MUC,SIN,22:10,16:25+1,ECONOMY,29B,1,18.5,NO
174,Passenger,Declan Perry,MALE,2000-04-18,LW21IU2DC,/.-.-.-...-.-./-..-.////.,:....:-::--:.:.-..:..:::..-.---..---:-.-::.-:--:,AQH0O2,LH790,MUC,SIN,22:10,16:25+1,ECONOMY,29C,1,21.6,NO
175,Passenger,Nicole Elliott,FEMALE,2008-08-14,UOS56TUCZ,...-//.-.-/.//./.-//-.-./,.::..:..-.::.:::--.:.::...-..-:..-..:.:..:-.:-.-,SD1ELS,LH790,MUC,SIN,22:10,16:25+1,ECONOMY,29D,1,20,NO
176,Passenger,Mylo Gibson,MALE,2015-01-17,SPQNH5AAZ,.-.-//.-.///--../-.-/-/..,-.:-:::.::-::-:-:-::--.-...:..-..-..:.:-::::--.-,7P3R10,LH790,MUC,SIN,22:10,16:25+1,ECONOMY,29E,1,19.2,NO
177,Passenger,Minnie Ellis,FEMALE,1991-11-09,3R4TS7NSZ,-///-..-.//--//...-..-.-/,:-:.-:--.:.--.-.::--:-:--:-.--:-:.-...:--::.----,4MWRF3,LH790,MUC,SIN,22:10,16:25+1,ECONOMY,29G,1,19.7,NO
178,Passenger,Billie Fletcher,FEMALE,1963-10-28,XQOI4YKHB,---/.././...//-./-./..//-,:.-:.-:.-.-..-:::-::.--:.--.:--..:-.::--:-...:-.,KQG0W1,LH790,MUC,SIN,22:10,16:25+1,ECONOMY,29H,1,16.1,NO
179,Passenger,Marcel Fisher,MALE,2014-08-02,JCGZ5H9K4,.-./-/.--/--//./.--/..-.-,.-..-.--.:...:.:.-...:---..--...---..:...-:--:--,6VJ48A,LH790,MUC,SIN,22:10,16:25+1,ECONOMY,29J,1,16.6,NO
180,Passenger,Orion Cooke,MALE,2016-12-21,EJ5WKNTIB,..--..-././-//.-.-....-/.,:--.....:.-:-::--..--::.:-.-:..:-.-:.:-.:-:..--:,XJMEKE,LH790,MUC,SIN,22:10,16:25+1,ECONOMY,29K,1,20.4,NO
181,Passenger,Jackson Jordan,MALE,1961-05-28,GPKIZ3YB0,..-/.---..-/--/.../.../-/,:..:...:--.::--:.....:..---..-.-.:--.-.-..-:.-:-,MI099H,LH790,MUC,SIN,22:10,16:25+1,ECONOMY,30A,1,18.2,NO
182,Passenger,Klara Khan,FEMALE,1961-05-14,P4Q3SZQDU,/----.--/-./--../-/-/-/./,.--:--...-...::-:--:....:..:-::-.:-:..:.-.::.--:,2B6KXX,LH790,MUC,SIN,22:10,16:25+1,ECONOMY,30B,1,19,NO
183,Passenger,Lacey Roberts,FEMALE,2007-04-07,BC3TF6L8K,.//-../-/.-//-.-.--/./---,.--.-.:.:::..::...-...---.-:.::.-:--.-:-.:.:..-.,SRM9Y0,LH790,MUC,SIN,22:10,16:25+1,ECONOMY,30C,1,20.4,NO
184,Passenger,Agnes Patel,FEMALE,2010-06-15,ID3MTDABO,..--.//-./..//---/..-.../,.:.:....:----.--.:.:.::-.--::.-.:..::-:--.-:--..,MWGMEN,LH790,MUC,SIN,22:10,16:25+1,ECONOMY,30D,1,21.8,NO
185,Passenger,Frederick Wilkinson,MALE,2004-07-12,V2DCR82L9,/-./.--/./...//--//.--//-,:..::--:-:...--:::-:..:.....---::..::...-::-:.::,J05OAZ,LH790,MUC,SIN,22:10,16:25+1,ECONOMY,30E,1,18.1,NO
186,Passenger,Betty Houghton,FEMALE,1955-02-16,RDBNPFK31,//-.-/.-./.../-.--.//.--/,..:.----::.-:-..:--:-.-..-:-.::...:...:.:-::.::.,RL7A87,LH790,MUC,SIN,22:10,16:25+1,ECONOMY,30G,1,18.3,NO
187,Passenger,Haider Harris,MALE,1959-05-12,CRF2LQHB8,---.----./.-.-/-/--.----.,..-.::..-.::--::-...-::-.:-.--..-:--:-::::-.:-.-,8NC454,LH790,MUC,SIN,22:10,16:25+1,ECONOMY,30H,1,18.2,NO
188,Passenger,Tyler Collins,MALE,1974-02-05,F3DLQY25J,...//.-////--//../--./../,...::.-.:--::--.:-:-:---.::::-::-:::-::.:.---..-,QL6QI3,LH790,MUC,SIN,22:10,16:25+1,ECONOMY,30J,1,19.2,NO
189,Passenger,Haider Wilson,MALE,2020-01-29,S2DOO16NC,.//-./.--//--..-./-.--///,.:..:.:::--:.-.--.:.-..::.-.:--.:-::::::-.:--.--,CHQYRN,LH790,MUC,SIN,22:10,16:25+1,ECONOMY,30K,1,21.2,NO
190,Passenger,Brooklyn Hudson,MALE,1986-07-15,ANBW6CV7I,.//./-...-/..///--/-..///,:...-::::::.:--::--.::-:-:.:.:-...:-:.::.:-.-:.:,6SHR5O,LH790,MUC,SIN,22:10,16:25+1,ECONOMY,31A,1,21.9,NO
191,Passenger,Laurence Wells,MALE,2009-09-24,OFCJHVEFU,-//.-///-.-..//.--/.//.-.,:-:-:-:---.::-.::----..:::.:::----:.-::..:-.-:::,SWVNBW,LH790,MUC,SIN,22:10,16:25+1,ECONOMY,31B,1,17.1,NO
192,Passenger,Reginald Baker,MALE,1972-06-09,AFX32AXJV,-/.-//...--.-////.--.-/..,.-.::-.-::.-.-:--..---:-.-:--::::..:.::-.:...:::,YO37T0,LH790,MUC,SIN,22:10,16:25+1,ECONOMY,31C,1,21.6,NO
193,Passenger,Piper Jenkins,FEMALE,1977-02-09,GZ37NXCJM,-./--/././-./.-..../-../.,-..:---::-:::-..----:-.-.:::-::-::--:.-.:..:.:-.,FAOOU1,LH790,MUC,SIN,22:10,16:25+1,ECONOMY,31D,1,18.2,NO
194,Passenger,Jorgie Spencer,FEMALE,1981-05-10,AO5FFB4R1,//...--//..//.///-/.//..-,-.-.:..:::.---..-.::--..:-:.:.-::::-:::.---:....,18Q3UH,LH790,MUC,SIN,22:10,16:25+1,ECONOMY,31E,1,17,NO
195,Passenger,Julia Gardner,FEMALE,1986-12-27,N94PWOJW2,.//--///----../..-/..-/-/,..:-.-:.:-:::-.:.-..-..--::-:.:--..-:-.:.:::-:::,UEWDZW,LH790,MUC,SIN,22:10,16:25+1,ECONOMY,31G,1,20.7,NO
196,Passenger,Bella Allen,FEMALE,1975-07-22,AU77M0LR5,./-.///././/.-/.-./..-//-,--:-:--.-.--.-:-:-.:::.-..:.-:-.--::..--..--:-.:,BCPDYJ,LH790,MUC,SIN,22:10,16:25+1,ECONOMY,31H,1,18.7,NO
197,Passenger,Daphne Davis,FEMALE,2018-11-02,5JJQ5YQ4H,/../---...//./-/.---.---.,.::--:-..-.:::...::.--:.:::.--:.-.::-:----.:-:..,WX34IV,LH790,MUC,SIN,22:10,16:25+1,ECONOMY,31J,1,20.6,NO
198,Passenger,Skyla Burton,FEMALE,1963-07-23,ABE19O17Z,-./..--..//./..-.-./////-,...:.-.::-.:.:..:.::::.:.:-.:-.:..-:.:::-:-.:.::,NY5FWO,LH790,MUC,SIN,22:10,16:25+1,ECONOMY,31K,1,18.2,NO
199,Passenger,Alexandra Hopkins,FEMALE,1978-02-25,K7HVMHPWH,-.//-.//--/--..-/-.-///-.,:.-:.:..:.:..:.---:.--.-.-...-.--.--:-.--:-:.-.:,OWEPLL,LH790,MUC,SIN,22:10,16:25+1,ECONOMY,32A,1,19.1,NO
200,Passenger,Deacon Wright,MALE,1972-06-15,3DVDAZK4X,-.-/.--////...-/.-//./.-.,..:.:.--::.:---..--:..:::-.-.:::.---.:-::.:---.:,PZ83YM,LH790,MUC,SIN,22:10,16:25+1,ECONOMY,32B,1,21.8,NO
201,Passenger,Natalia Khan,FEMALE,2010-06-29,W4QOPK76O,/.///.//-/-/-/.....-/..--,:..:::--...-.--:...:.:.-:--::..--:..-.-.::.--:::,LJD3OA,LH790,MUC,SIN,22:10,16:25+1,ECONOMY,32C,1,19.4,NO
202,Passenger,Mateo Wells,MALE,1969-12-17,UZP170KF1,/////-..--///-..---.-./.-,.--.-:.:::--..:-..:..-:...:-:..--:::-:-.::-:.---,FE0HPI,LH790,MUC,SIN,22:10,16:25+1,ECONOMY,32D,1,21.2,NO
203,Passenger,Maia Barker,FEMALE,2000-01-14,UQIPTNNHP,/-//.-.--/.-.-/--/-.----.,-.::--:--:.::--:-:.-.:.::-:::----..---.:.-.:-..:,KM1A5G,LH790,MUC,SIN,22:10,16:25+1,ECONOMY,32E,1,19.2,NO
204,Passenger,Joel Gardner,MALE,1981-10-05,X0HL8KXS4,/..--------/-/..-../----.,::--.--.:-.:-.-:..-.-.:-...::.:-.-::-.:.:-.-.---,TVX3J3,LH790,MUC,SIN,22:10,16:25+1,ECONOMY,32G,1,20.5,NO
205,Passenger,Samantha Chapman,FEMALE,1967-01-30,B9ZQ5AH0L,/././/-/./..--/.-./-/--//,:::.-:..-:-.---:.:-:.:::.-.::.:.....-:-:.::.---.,IU3LL0,LH790,MUC,SIN,22:10,16:25+1,ECONOMY,32H,1,21.7,NO
206,Passenger,Nell Chapman,FEMALE,1961-01-02,P9BEGZMTI,//-.-/---.-.-/-/-.----../,:.--:..-..:.:::.:::.:...::.-.:--.-:.-.-::--::..-,0UWK6O,LH790,MUC,SIN,22:10,16:25+1,ECONOMY,32J,1,20.1,NO
207,Passenger,Hannah Porter,FEMALE,2006-10-26,H3VNAWABN,-/-////--..-.././-.//.-//,:---..:.:---.:.:-..--.:-:.-...-...:---:..-:::---,MBQMYT,LH790,MUC,SIN,22:10,16:25+1,ECONOMY,32K,1,17,NO
208,Passenger,Miller Baker,MALE,2016-04-11,F4KAOIZZC,-././-.//./-../--//--./..,:.::.:..:-::..--.-:::-:..-::--:-.-:----...-..:--,L8CXEC,LH790,MUC,SIN,22:10,16:25+1,ECONOMY,33A,1,17.8,NO
209,Passenger,Madeline May,FEMALE,1953-11-13,JU7FBPZPR,..//-/-/-.-///-/.--./....,.:-:-.-:::.:-.:.::.-.-:-.--::-:--::.-:-:-::-:.-:,L03G48,LH790,MUC,SIN,22:10,16:25+1,ECONOMY,33B,1,21,NO
210,Passenger,Constance Pearce,FEMALE,1972-12-17,YW404J6WS,-/-.--.././-/.-///..//...,-.:-.:..:--:--:-...:-:.-:-..-::.-.:-:...::-.-..:,1S7WCJ,LH790,MUC,SIN,22:10,16:25+1,ECONOMY,33C,1,16.1,NO
211,Passenger,Lewis Price,MALE,1985-07-19,KJTO6Z2PE,/-///.////-./.---./-.-.--,:.--:::::-:-----.-:.:...:--....--::-.:-:.:--.::.,ECEYZ2,LH790,MUC,SIN,22:10,16:25+1,ECONOMY,33D,1,16.2,NO
212,Passenger,Reece Williams,MALE,2001-06-05,XMULNYBH8,-.-//-../..--/.-.//-./..-,.--...-.-:...::.....-.-:----..-:::-.::-:.-:.:-.-,GL1LK7,LH790,MUC,SIN,22:10,16:25+1,ECONOMY,33E,1,17.8,NO
213,Passenger,Ayah Stevens,FEMALE,2009-04-17,4OLTFC5FM,/-/.--.//-.././/-//-.//-.,-::..:.-:::.--.:.--....::-.:.-:--:-.:-:-.:.:..:-,6T1DHC,LH790,MUC,SIN,22:10,16:25+1,ECONOMY,33G,1,18.7,NO
214,Passenger,Theo Wallace,MALE,1953-05-25,QLYSF0QVQ,---.//-./--/.-/..--......,:---:::-.--.--:..--:.-.-:..---:--:..-.::-..:--::,OX73WE,LH790,MUC,SIN,22:10,16:25+1,ECONOMY,33H,1,21.4,NO
215,Passenger,Klara Cooke,FEMALE,1952-09-18,Y8HUB2E4L,/-.-.//.//./--..--///-/./,-.-:--.-:-.:---:..:.:..:.:-.--.-:..:-:::..-....-,A38Q5A,LH790,MUC,SIN,22:10,16:25+1,ECONOMY,33J,1,18.1,NO
216,Passenger,Asher Dean,MALE,2017-11-15,HVIX1XRPL,---/----./././.---.-....-,::--:.--::..---:----.-:..:..:.-::--.:--.:-::.-.:,BVMXT0,LH790,MUC,SIN,22:10,16:25+1,ECONOMY,33K,1,21,NO
217,Passenger,Billy Hopkins,MALE,2012-07-11,XRTK7791X,/--/..-/.////-....--//...,--.--...-:..-:.-::.---::--..:---:-:.-.--..:-::.-,9A7NEF,LH790,MUC,SIN,22:10,16:25+1,ECONOMY,34A,1,20.9,NO
218,Passenger,Aimee Baker,FEMALE,1977-05-14,D65OH3ILO,//--.-///-.-.//..--/-.//.,-:----:.-:.:-.----.:-.--:.--:--.---:.-.:--:.::-.,UJAD8G,LH790,MUC,SIN,22:10,16:25+1,ECONOMY,34B,1,18.9,NO
219,Passenger,Kaleb Baker,MALE,1988-10-31,YXOTASFUN,-/..----.///-/./....//--.,:::-----:..:.:-:---.:-.::-:-::.:::::..-::.--...:,I9X28J,LH790,MUC,SIN,22:10,16:25+1,ECONOMY,34C,1,17.4,NO
220,Passenger,Nicolas Pearson,MALE,2018-10-06,1OE6B3J0S,-/.-/.-/.---.--..---/-/.-,:.:::::.--:..::.::-:.::-:..-.::.-.---:--.:--.:--,XQK8L1,LH790,MUC,SIN,22:10,16:25+1,ECONOMY,34D,1,18.4,NO
221,Passenger,Theodore Mills,MALE,2003-08-15,F265Z56GW,-/-/-.//..//-/-.-../../--,..-.:-::-.:-:-.:-:-::-..-:::.-:.-::.:.-..--.:.::,W12PA3,LH790,MUC,SIN,22:10,16:25+1,ECONOMY,34E,1,21.4,NO
222,Passenger,Lily-Mae Lawson,FEMALE,2019-09-11,R2E7DQ15E,.-/////..---/...--/../---,---.--:.:::::-::.---:-:.--.:-.::.--:::--::.:.-.-,0QT2NO,LH790,MUC,SIN,22:10,16:25+1,ECONOMY,34G,1,20.1,NO
223,Passenger,Tristan Hall,MALE,1990-10-01,T0I23V64S,-.-.-///-/.////---.---./-,---:..:.:-:-::--:-...-:.:..---.::.:.....--:.:-.:,41RQSW,LH790,MUC,SIN,22:10,16:25+1,ECONOMY,34H,1,19.1,NO
224,Passenger,Rose Lane,FEMALE,1965-03-09,U0WZNU6ZZ,//--/.---/.---//.--.-///-,..--::--..:..::-.--..-.-.-:-:-::-:.::.:--:...:-:,QZACHW,LH790,MUC,SIN,22:10,16:25+1,ECONOMY,34J,1,16.4,NO
225,Passenger,Willow Carter,FEMALE,1969-07-25,9QICMZWHY,/--//-///..--//./-/////-.,-::-..:::::..--:-:---.....-.::.:.-::.-.::.:--:.:,2NU3Z7,LH790,MUC,SIN,22:10,16:25+1,ECONOMY,34K,1,21.1,NO
226,Passenger,Ollie Mcdonald,MALE,1966-08-06,N7FAHXOIG,-/.-.////-.////./..//..-.,:::---:-::.-::.-:::.:::.:..-:.::----:.:-::-..:..,DADZEG,LH790,MUC,SIN,22:10,16:25+1,ECONOMY,35A,1,19.6,NO
227,Passenger,Lottie Ryan,FEMALE,1978-04-19,7GZ4QVT5P,.-../--.-..-../----/-..--,-.:.:.:::::-.:.-.--..:---.-:::--.::.-::::..::-..,TJV48I,LH790,MUC,SIN,22:10,16:25+1,ECONOMY,35B,1,20.5,NO
228,Passenger,Alistair Gill,MALE,1966-10-19,ZE4EOU2IJ,-//./.-/-.-/./.--///-..//,:.:--:.-::::-..-..::-..:....--.-:..:-.-...-.-.-.,EOG5RT,LH790,MUC,SIN,22:10,16:25+1,ECONOMY,35C,1,18.9,NO
229,Passenger,Audrey Andrews,FEMALE,2005-04-04,BHTMMIGW8,.----/.///.-/--...-././-.,-....:-.::-.-.:.-:..----.:-.:-.-:--.----:::--::-,RFF8IG,LH790,MUC,SIN,22:10,16:25+1,ECONOMY,35D,1,21.1,NO
230,Passenger,Blossom Wright,FEMALE,1981-05-11,MBCO8KDWT,./-.--..-///-/-//.-/-////,::--..-:--:-.:...-:-.::.-:..---:.:::::.::::--..-,422CEY,LH790,MUC,SIN,22:10,16:25+1,ECONOMY,35E,1,19.1,NO
231,Passenger,Isabelle Lawson,FEMALE,1975-07-15,F174K5E0Z,.../...-/-/../-..////./-.,::::---::::..--.-.:..--.:::.-::.:..-:--.:.:-.---,SI0STG,LH790,MUC,SIN,22:10,16:25+1,ECONOMY,35G,1,16.6,NO
232,Passenger,Jennifer Griffiths,FEMALE,1999-11-13,BU50Q90Y7,///--..////--/--//.-././/,.:-.-.-::-::::-.::.:::-.-::::-.:.:.:-.---.::---:,C13JQM,LH790,MUC,SIN,22:10,16:25+1,ECONOMY,35H,1,19.7,NO
233,Passenger,Lois Dean,FEMALE,1959-04-11,7FDAJS4MS,-..../--../..-.-.-/--/.-/,:...-:...::-.:.--..--.-:.:--.-:.-:.----.-:.....:,668WJR,LH790,MUC,SIN,22:10,16:25+1,ECONOMY,35J,1,17.2,NO
234,Passenger,Cole Lee,MALE,2019-04-08,738I3JG17,--///.//.-/..-/--.../.--.,:-:--:-.:...--.:-.-..-:..-.:...:-.--:-.-:.::.---,9EOYFG,LH790,MUC,SIN,22:10,16:25+1,ECONOMY,35K,1,19.5,NO
235,Passenger,Ana Hunter,FEMALE,1998-06-26,BFF5BRHD0,...-//.-/...--/./-.-/-./-,-:-.-:.-.:.:-...::.::..-:-:.-:.-:.-.:::-::...:--,15Y77J,LH790,MUC,SIN,22:10,16:25+1,ECONOMY,36A,1,19.3,NO
236,Passenger,Jason Thomas,MALE,2018-02-16,3CZT7GRBP,.---//-/.///---.-//-/-.--,------::-.-..:--.::::.-:.:::::.:.::.::-.---::-:-,3Y2XCV,LH790,MUC,SIN,22:10,16:25+1,ECONOMY,36B,1,17.2,NO
237,Passenger,Hanna Hudson,FEMALE,1987-08-06,ZVSYI5LXM,/--/./.-.-----.-./-.-/..-,.:.:-..---:-.:.:.-..-...::-..:-::.-:-.-.::.:-::-,F8ISUJ,LH790,MUC,SIN,22:10,16:25+1,ECONOMY,36C,1,20.8,NO
238,Passenger,Jayden Hughes,MALE,1971-10-11,TN4L8EFHW,-/././.-/-././---././/--.,::::.-:..-:-.-:-..-:.::..::..-.:-.-:--:-:..---..,JVN7UI,LH790,MUC,SIN,22:10,16:25+1,ECONOMY,36D,1,21.1,NO
239,Passenger,Casper Byrne,MALE,1967-09-20,OS1XG24SM,/-./-..-../-///.---...///,.-:.-:--:-:.:.-::::.--:.---::-.::.--.:-::.:-:.-.,VIMEF8,LH790,MUC,SIN,22:10,16:25+1,ECONOMY,36E,1,20.1,NO
240,Passenger,Franklin Carter,MALE,2006-07-03,E0DN8BQ5C,....-.//.././--/./---///-,:.:...-:...::.-.:-::-::..-::::-:--:.-:.::..:-.--,XSDHIX,LH790,MUC,SIN,22:10,16:25+1,ECONOMY,36G,1,20.2,NO
241,Passenger,River Brooks,FEMALE,2003-11-25,IPOFFF7IZ,.-...-/.--..-./..-//.-///,.:::..-..:::.--.-:---:-...:.:::-:---.:-:......-.,MQ4JZ1,LH790,MUC,SIN,22:10,16:25+1,ECONOMY,36H,1,18.1,NO
242,Passenger,Joel Day,MALE,1952-02-20,K54K31XF5,..--/-./--/---/././/--///,::..::::-.-:::--...-:::-::-:::--..:-.:-..:--:.-:,H1I89D,LH790,MUC,SIN,22:10,16:25+1,ECONOMY,36J,1,17.8,NO
243,Passenger,Eddie Perry,MALE,2004-11-20,R9F2SKCFQ,/.-/-./-/-.-/--/...//-/./,--:..-.--.:---....:::.-...:-.:--::.::::-.:::-:::,496TV4,LH790,MUC,SIN,22:10,16:25+1,ECONOMY,36K,1,17.1,NO
244,Passenger,Alba Hawkins,FEMALE,1970-12-10,JU7MCTNWR,--/-////.-../-//././../-/,..::--:-::::--.--:.:.-:.:-....:-..:-.-..::.:-...,W7ASIU,LH790,MUC,SIN,22:10,16:25+1,ECONOMY,37A,1,20.1,NO
245,Passenger,Elise Murphy,FEMALE,1962-03-16,J141JWUEN,.-.-/////.-/-//---/.--../,:.-.:::.:-..-..::--:-.:-.:----:-.-:.::.::.:-:::.,WSTQOE,LH790,MUC,SIN,22:10,16:25+1,ECONOMY,37B,1,20.9,NO
246,Passenger,Finlay Cook,MALE,1952-01-11,DI9FSIIYW,//../----//////-/-/-/./--,---:-.-::::--:-.-::--:..:...-:::-.:.:-.-....--:.,KAWOAB,LH790,MUC,SIN,22:10,16:25+1,ECONOMY,37C,1,16.6,NO
247,Passenger,Albert Wood,MALE,2016-07-23,DA2MDZIH6,--.//--.-/-/./.-.-/-/.-//,.:---::-..::.::.:-:..-:::...:::..--:.-::..::-.:.,WB4QZT,LH790,MUC,SIN,22:10,16:25+1,ECONOMY,37D,1,19.7,NO
248,Passenger,Josh Chambers,MALE,1971-07-21,WBTBVEJR4,/.-..-/-/.--./-../--/-/--,..:.-.:--.:...:::-..-.:-.:..-.-....::.-.-.::..:-,OLRFD6,LH790,MUC,SIN,22:10,16:25+1,ECONOMY,37E,1,18.9,NO
249,Passenger,Maximilian Atkinson,MALE,2002-02-15,AWGXFCYM5,..-.//-.//-./-//////---/-,.-:::-:-:::.:-.---:-..-..:-.::---...:::-::.:.:-.,UR85L1,LH790,MUC,SIN,22:10,16:25+1,ECONOMY,37G,1,21.7,NO
250,Passenger,Jan Miller,MALE,1970-05-21,M3461VMZY,..////..-.//././././/.--.,.::.:..:.-.:---.:..-:.:--::.:.:.::.:.:-..:.-...:,G24YJA,LH790,MUC,SIN,22:10,16:25+1,ECONOMY,37H,1,19.2,NO
251,Passenger,Luca Edwards,MALE,2013-11-30,9CJE7XF25,//../-...-/../-.-..---./-,:.:-:-.--.--..:--.--:--:-:---...--.--.:.....:::.,8A0B9M,LH790,MUC,SIN,22:10,16:25+1,ECONOMY,37J,1,20.1,NO
252,Passenger,River Rose,FEMALE,1985-12-11,IOZN99PWL,-/./-.--.-./-/-//./--/../,:-.:.--:-:--:.::-::..::-.:...-:..:-..:-..:..-:.-,Y19ODN,LH790,MUC,SIN,22:10,16:25+1,ECONOMY,37K,1,17.4,NO
253,Passenger,Alba Foster,FEMALE,1975-03-28,ZCOP0OCJM,--///-.//-/-/..-//.///.-.,--:.----.:-.-..---.::---.:--:.--..::.-.-.-...-..,CITFGB,LH790,MUC,SIN,22:10,16:25+1,ECONOMY,38A,1,18.6,NO
254,Passenger,Kairo Webb,MALE,2011-01-01,8NXVOBVWO,/..//.-/./.-/.--.--/-/./.,---::.:-.:-:.--:-..:.--:..--:.:--.:-:.-:....:::-,L3RQ5A,LH790,MUC,SIN,22:10,16:25+1,ECONOMY,38B,1,20.1,NO
255,Passenger,Aarav Wright,MALE,1996-04-20,OYHFJ430D,/.-/////..////----..-./--,.::.::::...-..:..-.:::..-.-..:.-::-..-.:::-.--.-,PA66K4,LH790,MUC,SIN,22:10,16:25+1,ECONOMY,38C,1,18.5,NO
256,Passenger,Carter Mason,MALE,2010-09-24,P07M8UCB0,/../-//--..-/---.-..././.,:.-.-.-.....:-.:.:.:.--.::::-.:::.:.:-::..-.:::-,45J9VV,LH790,MUC,SIN,22:10,16:25+1,ECONOMY,38D,1,21.6,NO
257,Passenger,Maximilian Gray,MALE,1991-09-26,4Z7NSNYH4,/.////.///....-/.-////---,:.:-::.::-::-:-:..-::.-:.:.-.-.---:-.:-.:--.-.-:,C1Y7IS,LH790,MUC,SIN,22:10,16:25+1,ECONOMY,38E,1,20,NO
258,Passenger,Mariam Bradley,FEMALE,1985-04-22,W37AVC33R,--.//../..--..--.-/..-/-.,.-:--.--.::-:---.:..::.:.:::-.-..:---::.-:.:.:-:,TG4GY5,LH790,MUC,SIN,22:10,16:25+1,ECONOMY,38G,1,19.2,NO
259,Passenger,Harlow Hill,FEMALE,1980-05-13,0VLJB8BHA,//-..---/..-/.-.//./-/-/-,:....--::-:--.-:-.:.......---::.---:.-:--:--:.-:,7GQOSF,LH790,MUC,SIN,22:10,16:25+1,ECONOMY,38H,1,19.7,NO
260,Passenger,Adam Cox,MALE,1988-02-21,1LMOWQY3P,.--/--//---..../-/..--/..,-.:--------:-..:---:-:.-:...::--:-.-.:..--:...:.,FKLZSD,LH790,MUC,SIN,22:10,16:25+1,ECONOMY,38J,1,16.1,NO
261,Passenger,Noah Houghton,MALE,2009-08-02,SM88Q83UI,--/-./-///-...././-/..//-,..:::-...:.--:--:...:..::.-:...:--:-.-..:--.:..-,QNQSP0,LH790,MUC,SIN,22:10,16:25+1,ECONOMY,38K,1,16.6,NO
262,Passenger,Rebecca Austin,FEMALE,1952-10-28,HQ7FNN58T,/-./-/.-..-./---.-./..-/-,.---..-.-.---..::.:--..-::::..:-:..:::-.-:-..--:,4WMYAL,LH790,MUC,SIN,22:10,16:25+1,ECONOMY,39A,1,20.4,NO
263,Passenger,Lilly Nicholson,FEMALE,1982-03-15,RLHYQ339B,/-.-./.-../////-.-.-././.,.---.:::::.---.:-:-:..--:...:-.---..-:..:::::::-,842CEZ,LH790,MUC,SIN,22:10,16:25+1,ECONOMY,39B,1,18.2,NO
264,Passenger,Millie Davies,FEMALE,2016-04-27,4GFBPD0OK,/.-././-...--//.--.//..-.,:.--::..:-:.::.::::.::.:--:.-:-:.::.:-.:.-:.--:.,119DHG,LH790,MUC,SIN,22:10,16:25+1,ECONOMY,39C,1,19,NO
265,Passenger,Miles Kelly,MALE,2017-02-10,QD8V2QYIU,./-../../....///-//-.-//.,.:-..::.-::--..::-.:--.:::-::...:.:-..----::::--,9I24JK,LH790,MUC,SIN,22:10,16:25+1,ECONOMY,39D,1,20.4,NO
266,Passenger,Kasper Harris,MALE,1961-05-31,A9BA7X5PE,-.-.../////-./...---..-/-,-..:-:-:..:::::.:.::::-..:---:...--:..:--..---..,GGNHQB,LH790,MUC,SIN,22:10,16:25+1,ECONOMY,39E,1,21.8,NO
267,Passenger,Emilia Hayes,FEMALE,1961-12-04,LYZNMOWKE,.--//-/.-././--..-/--/./-,-.:.:::-:..-.---..:.-..:.-::.:-.::---.---.:.---.,P3Y4RS,LH790,MUC,SIN,22:10,16:25+1,ECONOMY,39G,1,18.1,NO
268,Passenger,Walter Clark,MALE,1993-07-28,1LDIO4ZCP,-.--..-/./-...---/.-//--/,.-.-:-...:---...-:::..-:-::-.:----.:.---..:..--:,HL7IWJ,LH790,MUC,SIN,22:10,16:25+1,ECONOMY,39H,1,18.3,NO
269,Passenger,Eve Byrne,FEMALE,1971-12-12,7V476U5I1,--/-..///--/.-....--////.,::----.-..::::--.:::.-:....-..:-.::::--.-:-::.--,169FCF,LH790,MUC,SIN,22:10,16:25+1,ECONOMY,39J,1,18.2,NO
270,Passenger,Daisy Clarke,FEMALE,1961-01-10,EDYW5K1KP,-.-.-..../..-/../--..//-.,:::::...:-..-::.-..:--:.-::--.-.-:.:.....-.:.-::,C9WYKS,LH790,MUC,SIN,22:10,16:25+1,ECONOMY,39K,1,19.2,NO
271,Passenger,Joshua Andrews,MALE,1973-03-14,CQZQXZ9OY,..//..//..-.../-/-/.-./-/,..:-:.-:.-:-:--.:-::.....-:--..:.::..::-.:-.-:--,SSAAXY,LH790,MUC,SIN,22:10,16:25+1,ECONOMY,40A,1,21.2,NO
272,Passenger,Isa Lewis,MALE,1968-07-08,XZD0K9KE5,---.-/-/../..///../-//---,.:..:.:.:.--:...:-::.::..-:..:..:.:.::::::.::.:-,FA20VM,LH790,MUC,SIN,22:10,16:25+1,ECONOMY,40B,1,21.9,NO
273,Passenger,Owen Brooks,MALE,1982-02-09,FOEF6DCEH,...--./////../-.//.-.../-,:::::-:.:.....:-.::...-.-:.:----..:.-.-::.-.-:-:,ZHVN47,LH790,MUC,SIN,22:10,16:25+1,ECONOMY,40C,1,17.1,NO
274,Passenger,Lily-Rose Owen,FEMALE,2011-12-20,JYCCKX0U3,-/.-......-/../-/-/../---,-:-.-...:-::.--:.-.:-:-:-:--.:--.::--....---.-::,N1L79Z,LH790,MUC,SIN,22:10,16:25+1,ECONOMY,40D,1,21.6,NO
275,Passenger,Hendrix Parry,MALE,2011-10-07,WJP3AF6L0,-////--//-/--./-/.///-./-,:-:.::.:-:.::::::--.:-:..::...:--::--:-.::..-:-.,3VF70D,LH790,MUC,SIN,22:10,16:25+1,ECONOMY,40E,1,18.2,NO
276,Passenger,Skye Ross,FEMALE,2003-03-05,HN0XGG6UY,.----///-./-..././/.-./..,:..:-..--::::-.:::-.:-..-.::.-.-.-:::--::-...:-.,2BFFF5,LH790,MUC,SIN,22:10,16:25+1,ECONOMY,40G,1,17,NO
277,Passenger,Filip Booth,MALE,2004-12-20,9WFN02YH7,.//-./..-./-/-//-...--.--,:.:--::....:..-...-.-:-.:.-.:.:-.:.:.-:--...:.::,P1U80M,LH790,MUC,SIN,22:10,16:25+1,ECONOMY,40H,1,20.7,NO
278,Passenger,Jake Miller,MALE,1978-01-18,UU2B7TUFC,/...///-..//-..-./..////-,.:-.:--::--.--:-::--.-.----.:-:--..--.---::.--::,KLTJU2,LH790,MUC,SIN,22:10,16:25+1,ECONOMY,40J,1,19.1,NO
279,Passenger,Annabel Foster,FEMALE,1986-01-24,N8Q5G74ZE,.-//-/---.././//.-///.///,.:.:-.-:...:--::...--:-.-.-.::-:--.-.--..-.:.::-,77NDUL,LH790,MUC,SIN,22:10,16:25+1,ECONOMY,40K,1,16.4,NO
280,Passenger,Nova Rees,FEMALE,1959-08-01,40W6PLD5D,---/....--/-..--/.../.-/.,-:..-.---:...::..--:--:.--:---.:--:....:-..:.-:-,F5WW00,LH790,MUC,SIN,22:10,16:25+1,ECONOMY,41A,1,21.1,NO
281,Passenger,Romeo Russell,MALE,1975-07-07,O0A1G9K3Y,-..././/--/..//-..-.//-.-,-::-.:-:..---.:-.-::..-:--..:.-.:-::::-:::.-.:.-,KS1JMS,LH790,MUC,SIN,22:10,16:25+1,ECONOMY,41B,1,19.6,NO
282,Passenger,Emmie Allen,FEMALE,2001-06-28,KVBPPK309,/./..//-//----...---/../-,:.--:-....::--.::-::.:::.:::::--.--.:-.:-----::.,5HOT33,LH790,MUC,SIN,22:10,16:25+1,ECONOMY,41C,1,20.5,NO
283,Passenger,Amalia Jenkins,FEMALE,1992-05-23,G6YAN0F26,//-.-/././///-..--./-.../,:---:-:-:.:-:--:.:--.----::.:..-..---.-.:-.:.-:-,8XWPUN,LH790,MUC,SIN,22:10,16:25+1,ECONOMY,41D,1,18.9,NO
284,Passenger,Lachlan Simpson,MALE,1980-09-09,JR3WVE5IP,/.--/../-..-//-.--.-/-//.,-.-:::..-:..-::..:::--:-..-::.--.:..:...:-::-.::,JSDDP3,LH790,MUC,SIN,22:10,16:25+1,ECONOMY,41E,1,21.1,NO
285,Passenger,Nadia Adams,FEMALE,2000-08-09,2Z5W1066C,..-/---//.-/-/..--./--/--,..-:..:..:..::.:-:.:-:--:....--:.:.-.:...::.-..-,LLDBXG,LH790,MUC,SIN,22:10,16:25+1,ECONOMY,41G,1,19.1,NO
286,Passenger,Mario Hawkins,MALE,1966-09-10,ENCJJJFGY,....--..--./////-.//-.-/-,:::::::.:::--:-...-..-:-..-::--::-.-....-:.--.::,U3RL1D,LH790,MUC,SIN,22:10,16:25+1,ECONOMY,41H,1,16.6,NO
287,Passenger,Brooke Mcdonald,FEMALE,2018-06-04,1H92X46BQ,--./-.-/./...-/-/-./-../.,..-:..-:-..::---.-.-::-::.:-::::...-:.:-----:-..,MKCTB2,LH790,MUC,SIN,22:10,16:25+1,ECONOMY,41J,1,19.7,NO
288,Passenger,Skylar Andrews,FEMALE,1978-01-17,NYG18MIUG,///-/-/-.///./......-./-/,-::-::-.-::--.:::---:.:-----..-.-.:-....--.:...:,GPI45M,LH790,MUC,SIN,22:10,16:25+1,ECONOMY,41K,1,17.2,NO
289,Passenger,Mateo Houghton,MALE,2010-11-30,HV98CIUSR,./--/.//----/.--././.-./-,:::...:-:.:..:.:...:.-.--::-.-:..::...-.--.-.-.:,I5J345,LH790,MUC,SIN,22:10,16:25+1,ECONOMY,42A,1,19.5,NO
290,Passenger,Kasper Johnson,MALE,1974-03-02,VYG02W3Y2,///./..-//-..///--.--/-//,.:..-:..:---:....:.:--....:.----::--.:.-:.:-::-.,HJR9NZ,LH790,MUC,SIN,22:10,16:25+1,ECONOMY,42C,1,19.3,NO
291,Passenger,Casey Saunders,MALE,1978-10-04,UB2PLQ8JE,../.-/..-/.-../...-//-../,.-:--::--:.--.:-:-.:.-..:.:--..-..-:..:.::::.:-.,76FFT2,LH790,MUC,SIN,22:10,16:25+1,ECONOMY,42D,1,16.6,NO
292,Passenger,Alfred Riley,MALE,1966-04-01,DH1Z81GDN,..-.-/////-.-/./-/-/../-/,-:-:-::.:--:.---:---..-:-.--....::..----::..:.:.,O3U1H5,LH790,MUC,SIN,22:10,16:25+1,ECONOMY,42E,1,20.4,NO
293,Passenger,David Gill,MALE,1954-02-04,B4EHZ9S20,././..-..--..--/.--//-/-/,.--:::..:--.:-:.-:-::--:-:..::.:::----:.::--:::-,CTB6Y7,LH790,MUC,SIN,22:10,16:25+1,ECONOMY,42G,1,18.2,NO